{
    "reviewers_behavior": "BestIntegralSincereResponse",
    "forced_permutations": 1,
    "number_of_bids_until_prices_update": 12,
    "total_bids_until_closure": 30,
    "matching_algorithm": "SumOWA-u",
    "market_mechanism": "PriceMechanism",
	"ignore_quota_constraints": true,
    "additional_params": {},
    "total_reviewers": 3,
    "total_papers": 3,
    "papers_requirements": [
        2,
        2,
        2
    ],
    "unallocated_papers_price": [
        1,
        1,
        1
    ],
    "cost_matrix": [
        [
            0.7323764030043145,
            2.933268485530754,
            2.7386974509295876
        ],
        [
            2.7089642303259165,
            0.6090831838556042,
            0.6192301172499806
        ],
        [
            2.0542985547673065,
            0.8603096486030297,
            0.7168805606030314
        ]
    ],
    "quota_matrix": [
        [
            1.0,
            1.0,
            1.0
        ],
        [
            1.0,
            1.0,
            1.0
        ],
        [
            1.0,
            1.0,
            1.0
        ]
    ]
}