{
    "reviewers_behavior": "BestIntegralSincereUnderbidResponse",
    "forced_permutations": 3,
    "number_of_bids_until_prices_update": 0,
    "total_bids_until_closure": 0,
    "matching_algorithm": "FractionalAllocation",
    "market_mechanism": "PriceMechanism",
    "ignore_quota_constraints": false,
    "additional_params": {},
    "total_reviewers": 8,
    "total_papers": 10,
    "final_bidding_profile": [
        [
            1.0,
            0.0,
            0.0,
            0.0,
            0.0,
            0.0,
            0.0,
            0.0,
            0.0,
            0.0
        ],
        [
            1.0,
            0.0,
            0.0,
            0.0,
            0.0,
            0.0,
            1.0,
            0.0,
            1.0,
            0.0
        ],
        [
            0.0,
            0.0,
            0.0,
            0.0,
            0.0,
            1.0,
            0.0,
            0.0,
            0.0,
            0.0
        ],
        [
            0.0,
            0.0,
            0.0,
            0.0,
            0.0,
            0.0,
            1.0,
            0.0,
            0.0,
            0.0
        ],
        [
            0.0,
            0.0,
            0.0,
            0.0,
            0.0,
            0.0,
            0.0,
            0.0,
            1.0,
            0.0
        ],
        [
            0.0,
            0.0,
            0.0,
            0.0,
            1.0,
            0.0,
            1.0,
            0.0,
            0.0,
            0.0
        ],
        [
            0.0,
            0.0,
            0.0,
            0.0,
            0.0,
            0.0,
            1.0,
            0.0,
            0.0,
            0.0
        ],
        [
            0.0,
            0.0,
            0.0,
            0.0,
            0.0,
            0.0,
            0.0,
            0.0,
            1.0,
            0.0
        ]
    ],
    "papers_requirements": [
        3,
        3,
        3,
        3,
        3,
        3,
        3,
        3,
        3,
        3
    ],
    "unallocated_papers_price": [
        1,
        1,
        1,
        1,
        1,
        1,
        1,
        1,
        1,
        1
    ],
    "cost_matrix": [
        [
            0.020266447091396245,
            2.1103694149324177,
            2.311540462829987,
            0.0,
            0.5828825124916382,
            2.2577118065134147,
            0.1370090189536629,
            2.350629549530429,
            0.0,
            1.6763464918036957
        ],
        [
            1.0354634038389774,
            2.7779191019499234,
            2.994941964748834,
            2.8136101415098658,
            2.014228798418473,
            2.749387196740952,
            0.0940856325865892,
            1.8439438046572145,
            0.5077689224160706,
            2.3597484150965076
        ],
        [
            2.820926154178073,
            1.2289540037236684,
            2.0647479158197006,
            0.961368101024044,
            2.122327383863432,
            0.8643948885323127,
            2.5274119117620977,
            0.9816845266347481,
            1.72046945717041,
            2.1514111888702696
        ],
        [
            2.0396294487073794,
            2.5099726326577163,
            2.107039127637769,
            2.031690864786504,
            0.7543061075511521,
            2.529620866355574,
            0.21627234168370701,
            2.4777046293367935,
            2.034214134666965,
            2.6149775735375558
        ],
        [
            2.3995731864085172,
            2.6814441620000644,
            2.455721129070642,
            2.6087757130699663,
            0.8167965413550454,
            2.970783497571161,
            1.2794625897462324,
            2.291845895026281,
            0.1135761912544635,
            0.0
        ],
        [
            2.195771591197742,
            2.2125801585637155,
            2.9096861453125737,
            2.0503392449934013,
            0.1345940218008146,
            2.9982255651866945,
            0.5641627828515094,
            2.288950219821998,
            2.232208406002653,
            2.1291522376273164
        ],
        [
            2.985919603747716,
            2.704891312186012,
            2.7192547094989474,
            2.9265742115597817,
            2.109532577068045,
            2.933238019762961,
            1.369339144157549,
            2.19253408292421,
            1.9897032376083312,
            2.4371207812669695
        ],
        [
            0.0,
            0.8035952667786875,
            1.8194752973724098,
            2.486761345128522,
            1.8399416476307762,
            2.533145985647897,
            2.3994453668409443,
            2.141463473760476,
            0.7470116848372507,
            2.2389949151785413
        ]
    ],
    "quota_matrix": [
        [
            1.0,
            1.0,
            1.0,
            0.0,
            1.0,
            1.0,
            1.0,
            1.0,
            0.0,
            1.0
        ],
        [
            1.0,
            1.0,
            1.0,
            1.0,
            1.0,
            1.0,
            1.0,
            1.0,
            1.0,
            1.0
        ],
        [
            1.0,
            1.0,
            1.0,
            1.0,
            1.0,
            1.0,
            1.0,
            1.0,
            1.0,
            1.0
        ],
        [
            1.0,
            1.0,
            1.0,
            1.0,
            1.0,
            1.0,
            1.0,
            1.0,
            1.0,
            1.0
        ],
        [
            1.0,
            1.0,
            1.0,
            1.0,
            1.0,
            1.0,
            1.0,
            1.0,
            1.0,
            0.0
        ],
        [
            1.0,
            1.0,
            1.0,
            1.0,
            1.0,
            1.0,
            1.0,
            1.0,
            1.0,
            1.0
        ],
        [
            1.0,
            1.0,
            1.0,
            1.0,
            1.0,
            1.0,
            1.0,
            1.0,
            1.0,
            1.0
        ],
        [
            0.0,
            1.0,
            1.0,
            1.0,
            1.0,
            1.0,
            1.0,
            1.0,
            1.0,
            1.0
        ]
    ]
}