{
    "preflib_file": "",
    "total_reviewers": 8,
    "total_papers": 10,
    "cost_matrix": [
        [
            0.7527008526280453,
            2.543851475642816,
            7.51779403933155,
            0.0,
            0.4642320064381156,
            2.7910734915318427,
            0.28387881569888584,
            3.6764455430182634,
            0.0,
            1.7592776722007124
        ],
        [
            1.3523435060205335,
            6.338941973231282,
            2.888927510641754,
            7.935117678488089,
            7.034863263821929,
            4.166493765763022,
            0.9515153238560681,
            1.9946270548359433,
            0.18341375387167458,
            7.17404989810753
        ],
        [
            2.953290761172865,
            1.5940293885133134,
            3.699569479024415,
            0.8828880087038236,
            2.405374530423894,
            0.06579310511067771,
            5.651850822644818,
            0.6443499996311971,
            1.6769912642868643,
            2.7833700778101718
        ],
        [
            4.334192050287632,
            4.775065121614558,
            2.624337693779249,
            7.869382994305872,
            0.4957440723482357,
            2.1996076101111206,
            0.17837300993022254,
            2.3650458857477785,
            3.616469788110872,
            6.915238408772407
        ],
        [
            6.859567399419975,
            4.132066204969299,
            6.231329574996268,
            4.6614745085081335,
            0.3311204893367955,
            4.345331746513311,
            1.6377315686010898,
            5.514752438551339,
            0.9387718365485849,
            0.0
        ],
        [
            2.802535349982178,
            4.7708919291925,
            2.5942230436771556,
            7.92082697570334,
            0.9969437201888329,
            3.986033578483081,
            0.8209898199353669,
            7.156427511993188,
            7.189161939763569,
            3.7778456252648143
        ],
        [
            7.695760094999664,
            5.031485948359092,
            4.804432746652987,
            6.515996554162225,
            4.585012009343163,
            7.6874991163704465,
            1.535869357591249,
            3.4777058103214706,
            1.834522784261548,
            3.7883703418978083
        ],
        [
            2.467457820412437,
            0.1440888993281817,
            1.359043893697168,
            4.342646929888408,
            1.3167071192759638,
            6.293182800927445,
            6.015889576784634,
            7.45914638706324,
            0.25233384035441886,
            6.656435718776755
        ]
    ]
}