{
    "preflib_file": "",
    "total_reviewers": 10,
    "total_papers": 10,
    "cost_matrix": [
        [
            0.02145848643023895,
            0.028023017387478463,
            0.038883420047476164,
            0.03600543643044205,
            0.02159677959529272,
            0.018050206853915247,
            0.03453689303086456,
            0.02970235458383043,
            0.03410161151144019,
            0.029557401500217573
        ],
        [
            0.050109412280175444,
            0.029954522896599226,
            0.02861960634855095,
            0.03222878588026773,
            0.03488078589270366,
            0.01923099117399745,
            0.023194249903984877,
            0.02676162478901196,
            0.03338298192371419,
            0.03814799647827104
        ],
        [
            0.02479338206608227,
            0.031238795772119805,
            0.044051524585826354,
            0.04393002035876022,
            0.023009559942506884,
            0.0331095238002413,
            0.03170237233351971,
            0.024468441580999114,
            0.027414241149835383,
            0.02909984732922595
        ],
        [
            0.0325697786975914,
            0.026411061771025215,
            0.031311514759039295,
            0.029956259126155682,
            0.020018112711504246,
            0.020192292047230116,
            0.025617330038146126,
            0.03503549298297449,
            0.029805543987541535,
            0.02788750943034864
        ],
        [
            0.02131677560559825,
            0.07944772280495388,
            0.021256818865178703,
            0.03034819839896577,
            0.021811145048566453,
            0.030004988519560096,
            0.028348508423249503,
            0.028217296798123695,
            0.025013720385330607,
            0.029849683511637057
        ],
        [
            0.02800802610064492,
            0.0286897718941425,
            0.0338059062567697,
            0.0336269344495713,
            0.042014592659508694,
            0.01944884097266728,
            0.02721516468550408,
            0.024882814939854083,
            0.026749797351133905,
            0.03638865320565575
        ],
        [
            0.028343569178509914,
            0.022907660397618643,
            0.02586462962616409,
            0.032172929898088676,
            0.02932603590185929,
            0.028831622480880528,
            0.018588168777794557,
            0.02334359037039066,
            0.016530391463431614,
            0.05953779087047823
        ],
        [
            0.026215993144035644,
            0.02988168247540791,
            0.026133877228423145,
            0.033183100594506104,
            0.02455982537086351,
            0.021197122766757632,
            0.02545399854523028,
            0.021601756520996183,
            0.028629265648810028,
            0.03522195333292372
        ],
        [
            0.027766614348544827,
            0.027768734188673073,
            0.03425520355776822,
            0.03894373834662202,
            0.0317799505911602,
            0.021455925756627914,
            0.02888944421089142,
            0.019965278103121264,
            0.03066078078542773,
            0.03894892668156288
        ],
        [
            0.0313817118270859,
            0.02643514325788027,
            0.029507025432319426,
            0.042138693682256985,
            0.041059202371817316,
            0.027350505847501354,
            0.021560059370453903,
            0.027133892575424978,
            0.028413516101595288,
            0.04673440811693381
        ]
    ]
}
